{"cameraMode":{"drawMode":0,"name":"Shaded","section":"Shading Mode"},"sceneLighting":false,"audioPlay":false,"sceneViewState":{"m_AlwaysRefresh":false,"showFog":true,"showSkybox":false,"showFlares":true,"showImageEffects":true,"showParticleSystems":true,"showVisualEffectGraphs":true,"m_FxEnabled":true},"in2DMode":false,"pivot":{"x":0.32012665271759035,"y":1.4514129161834717,"z":0.7478445172309876},"rotation":{"x":0.025474613532423974,"y":-0.8488010764122009,"z":0.04102754592895508,"w":0.5265966653823853},"size":1.0708084106445313,"orthographic":false}